Aarón;20142;FUNDAMENTOS DE PROGRAMACION;26
Abdón;20142;FUNDAMENTOS DE PROGRAMACION;32
Abel;20142;FUNDAMENTOS DE PROGRAMACION;44
Abelardo;20142;FUNDAMENTOS DE PROGRAMACION;46
Abrahán;20142;FUNDAMENTOS DE PROGRAMACION;39
Absalón;20142;FUNDAMENTOS DE PROGRAMACION;27
Acacio;20142;FUNDAMENTOS DE PROGRAMACION;35
Adalberto;20142;FUNDAMENTOS DE PROGRAMACION;48
Adán;20142;FUNDAMENTOS DE PROGRAMACION;41
Adela;20142;FUNDAMENTOS DE PROGRAMACION;40
Adelaida;20142;FUNDAMENTOS DE PROGRAMACION;38
Adolfo;20142;FUNDAMENTOS DE PROGRAMACION;41
Adón;20142;FUNDAMENTOS DE PROGRAMACION;34
Adrián;20142;FUNDAMENTOS DE PROGRAMACION;44
Agustín;20142;FUNDAMENTOS DE PROGRAMACION;42
Aitor;20142;FUNDAMENTOS DE PROGRAMACION;46
Alba;20142;FUNDAMENTOS DE PROGRAMACION;44
Albert;20142;FUNDAMENTOS DE PROGRAMACION;42
Alberto;20142;FUNDAMENTOS DE PROGRAMACION;33
Albina;20142;FUNDAMENTOS DE PROGRAMACION;3
Alejandra;20142;FUNDAMENTOS DE PROGRAMACION;48
Alejandro;20142;FUNDAMENTOS DE PROGRAMACION;39
Alejo;20142;FUNDAMENTOS DE PROGRAMACION;45
Alfonso;20142;FUNDAMENTOS DE PROGRAMACION;37
Alfredo;20142;FUNDAMENTOS DE PROGRAMACION;28
Alicia;20142;FUNDAMENTOS DE PROGRAMACION;50
Alipio;20142;FUNDAMENTOS DE PROGRAMACION;33
Almudena;20142;FUNDAMENTOS DE PROGRAMACION;32
Alonso;20142;FUNDAMENTOS DE PROGRAMACION;6
Álvaro;20142;FUNDAMENTOS DE PROGRAMACION;30
Amadeo;20142;FUNDAMENTOS DE PROGRAMACION;38
Amaro;20142;FUNDAMENTOS DE PROGRAMACION;30
Ambrosio;20142;FUNDAMENTOS DE PROGRAMACION;36
Amelia;20142;FUNDAMENTOS DE PROGRAMACION;9
Amparo;20142;FUNDAMENTOS DE PROGRAMACION;30
Ana;20151;FUNDAMENTOS DE PROGRAMACION;31
Ananías;20151;FUNDAMENTOS DE PROGRAMACION;42
Anastasia;20151;FUNDAMENTOS DE PROGRAMACION;39
Anatolio;20151;FUNDAMENTOS DE PROGRAMACION;50
Andrea;20151;FUNDAMENTOS DE PROGRAMACION;31
Andrés;20151;FUNDAMENTOS DE PROGRAMACION;47
Ángel;20151;FUNDAMENTOS DE PROGRAMACION;20
Ángela;20151;FUNDAMENTOS DE PROGRAMACION;27
Ángeles;20151;FUNDAMENTOS DE PROGRAMACION;32
Aniano;20151;FUNDAMENTOS DE PROGRAMACION;50
Anna;20151;FUNDAMENTOS DE PROGRAMACION;47
Anselmo;20151;FUNDAMENTOS DE PROGRAMACION;44
Antero;20151;FUNDAMENTOS DE PROGRAMACION;48
Antonia;20151;FUNDAMENTOS DE PROGRAMACION;36
Antonio;20151;FUNDAMENTOS DE PROGRAMACION;43
Aquiles;20151;FUNDAMENTOS DE PROGRAMACION;44
Araceli;20151;FUNDAMENTOS DE PROGRAMACION;45
Aránzazu;20151;FUNDAMENTOS DE PROGRAMACION;40
Arcadio;20151;FUNDAMENTOS DE PROGRAMACION;34
Aresio;20151;FUNDAMENTOS DE PROGRAMACION;41
Ariadna;20151;FUNDAMENTOS DE PROGRAMACION;40
Aristides;20151;FUNDAMENTOS DE PROGRAMACION;48
Arnaldo;20151;FUNDAMENTOS DE PROGRAMACION;0
Artemio;20151;FUNDAMENTOS DE PROGRAMACION;3
Arturo;20151;FUNDAMENTOS DE PROGRAMACION;35
Ascensión;20151;FUNDAMENTOS DE PROGRAMACION;49
Asunción;20151;FUNDAMENTOS DE PROGRAMACION;46
Atanasio;20151;FUNDAMENTOS DE PROGRAMACION;29
Augusto;20151;FUNDAMENTOS DE PROGRAMACION;46
Áurea;20151;FUNDAMENTOS DE PROGRAMACION;15
Aurelia;20151;FUNDAMENTOS DE PROGRAMACION;33
Aureliano;20151;FUNDAMENTOS DE PROGRAMACION;27
Aurelio;20151;FUNDAMENTOS DE PROGRAMACION;33
Aurora;20151;FUNDAMENTOS DE PROGRAMACION;21
Baldomero;20151;FUNDAMENTOS DE PROGRAMACION;43
Balduino;20151;FUNDAMENTOS DE PROGRAMACION;42
Baltasar;20151;FUNDAMENTOS DE PROGRAMACION;36
Bárbara;20151;FUNDAMENTOS DE PROGRAMACION;7
Bartolomé;20151;FUNDAMENTOS DE PROGRAMACION;49
Basileo;20151;FUNDAMENTOS DE PROGRAMACION;36
Beatriz;20151;FUNDAMENTOS DE PROGRAMACION;38
Begoña;20151;FUNDAMENTOS DE PROGRAMACION;35
Belén;20151;FUNDAMENTOS DE PROGRAMACION;45
Beltrán;20151;FUNDAMENTOS DE PROGRAMACION;20
Benedicto;20151;FUNDAMENTOS DE PROGRAMACION;39
Benigno;20151;FUNDAMENTOS DE PROGRAMACION;42
Benito;20151;FUNDAMENTOS DE PROGRAMACION;47
Benjamín;20151;FUNDAMENTOS DE PROGRAMACION;21
Bernabé;20151;FUNDAMENTOS DE PROGRAMACION;30
Bernarda;20151;FUNDAMENTOS DE PROGRAMACION;34
Bernardo;20151;FUNDAMENTOS DE PROGRAMACION;47
Blanca;20151;FUNDAMENTOS DE PROGRAMACION;21
Blas;20151;FUNDAMENTOS DE PROGRAMACION;47
Bonifacio;20151;FUNDAMENTOS DE PROGRAMACION;28
Borja;20151;FUNDAMENTOS DE PROGRAMACION;31
Bruno;20151;FUNDAMENTOS DE PROGRAMACION;43
Calixto;20151;FUNDAMENTOS DE PROGRAMACION;30
Camilo;20151;FUNDAMENTOS DE PROGRAMACION;22
Cándida;20151;FUNDAMENTOS DE PROGRAMACION;30
Carina;20151;FUNDAMENTOS DE PROGRAMACION;37
Carlos;20151;FUNDAMENTOS DE PROGRAMACION;28
Carmelo;20151;FUNDAMENTOS DE PROGRAMACION;37
Carmen;20151;FUNDAMENTOS DE PROGRAMACION;30
Carolina;20151;FUNDAMENTOS DE PROGRAMACION;46
Casiano;20151;FUNDAMENTOS DE PROGRAMACION;16
Casimiro;20151;FUNDAMENTOS DE PROGRAMACION;37
Casio;20151;FUNDAMENTOS DE PROGRAMACION;32
Catalina;20151;FUNDAMENTOS DE PROGRAMACION;25
Cayetano;20151;FUNDAMENTOS DE PROGRAMACION;31
Cayo;20151;FUNDAMENTOS DE PROGRAMACION;25
Cecilia;20151;FUNDAMENTOS DE PROGRAMACION;31
Ceferino;20151;FUNDAMENTOS DE PROGRAMACION;25
Celia;20151;FUNDAMENTOS DE PROGRAMACION;31
Celina;20151;FUNDAMENTOS DE PROGRAMACION;25
Celso;20151;FUNDAMENTOS DE PROGRAMACION;31
César;20151;FUNDAMENTOS DE PROGRAMACION;33
Cesáreo;20151;FUNDAMENTOS DE PROGRAMACION;38
Cipriano;20151;FUNDAMENTOS DE PROGRAMACION;43
Cirilo;20151;FUNDAMENTOS DE PROGRAMACION;47
Cirino;20151;FUNDAMENTOS DE PROGRAMACION;42
Ciro;20151;FUNDAMENTOS DE PROGRAMACION;34
Clara;20151;FUNDAMENTOS DE PROGRAMACION;9
Claudia;20151;FUNDAMENTOS DE PROGRAMACION;15
Claudio;20151;FUNDAMENTOS DE PROGRAMACION;32
Cleofás;20151;FUNDAMENTOS DE PROGRAMACION;48
Clotilde;20151;FUNDAMENTOS DE PROGRAMACION;44
Colombo;20151;FUNDAMENTOS DE PROGRAMACION;12
Columba;20151;FUNDAMENTOS DE PROGRAMACION;48
Columbano;20151;FUNDAMENTOS DE PROGRAMACION;47
Concepción;20151;FUNDAMENTOS DE PROGRAMACION;45
Conrado;20151;FUNDAMENTOS DE PROGRAMACION;48
Constancio;20151;FUNDAMENTOS DE PROGRAMACION;39
Constantino;20151;FUNDAMENTOS DE PROGRAMACION;32
Consuelo;20151;FUNDAMENTOS DE PROGRAMACION;35
Cosme;20151;FUNDAMENTOS DE PROGRAMACION;47
Cristian;20151;FUNDAMENTOS DE PROGRAMACION;14
Cristina;20151;FUNDAMENTOS DE PROGRAMACION;32
Cristóbal;20151;FUNDAMENTOS DE PROGRAMACION;42
Daciano;20151;FUNDAMENTOS DE PROGRAMACION;45
Dacio;20151;FUNDAMENTOS DE PROGRAMACION;2
Dámaso;20151;FUNDAMENTOS DE PROGRAMACION;47
Damián;20151;FUNDAMENTOS DE PROGRAMACION;45
Daniel;20151;FUNDAMENTOS DE PROGRAMACION;0
Dario;20151;FUNDAMENTOS DE PROGRAMACION;30
David;20151;FUNDAMENTOS DE PROGRAMACION;4
Demócrito;20151;FUNDAMENTOS DE PROGRAMACION;48
Diego;20151;FUNDAMENTOS DE PROGRAMACION;47
Dimas;20151;FUNDAMENTOS DE PROGRAMACION;32
Dolores;20151;FUNDAMENTOS DE PROGRAMACION;39
Domingo;20151;FUNDAMENTOS DE PROGRAMACION;8
Donato;20151;FUNDAMENTOS DE PROGRAMACION;28
Dorotea;20151;FUNDAMENTOS DE PROGRAMACION;39
Edgar;20151;FUNDAMENTOS DE PROGRAMACION;41
Edmundo;20151;FUNDAMENTOS DE PROGRAMACION;28
Eduardo;20151;FUNDAMENTOS DE PROGRAMACION;11
Eduvigis;20151;FUNDAMENTOS DE PROGRAMACION;48
Efrén;20151;FUNDAMENTOS DE PROGRAMACION;10
Elena;20151;FUNDAMENTOS DE PROGRAMACION;30
Elías;20151;FUNDAMENTOS DE PROGRAMACION;43
Elisa;20151;FUNDAMENTOS DE PROGRAMACION;49
Eliseo;20151;FUNDAMENTOS DE PROGRAMACION;48
Elvira;20151;FUNDAMENTOS DE PROGRAMACION;50
Emilia;20151;FUNDAMENTOS DE PROGRAMACION;46
Emiliano;20151;FUNDAMENTOS DE PROGRAMACION;42
Emilio;20151;FUNDAMENTOS DE PROGRAMACION;43
Encarnación;20151;FUNDAMENTOS DE PROGRAMACION;6
Enrique;20151;FUNDAMENTOS DE PROGRAMACION;33
Epifanía;20151;FUNDAMENTOS DE PROGRAMACION;50
Erico;20151;FUNDAMENTOS DE PROGRAMACION;0
Ernesto;20151;FUNDAMENTOS DE PROGRAMACION;6
Esdras;20152;FUNDAMENTOS DE PROGRAMACION;7
Esiquio;20152;FUNDAMENTOS DE PROGRAMACION;31
Esperanza;20152;FUNDAMENTOS DE PROGRAMACION;37
Esteban;20152;FUNDAMENTOS DE PROGRAMACION;10
Ester;20152;FUNDAMENTOS DE PROGRAMACION;6
Esther;20152;FUNDAMENTOS DE PROGRAMACION;4
Eugenia;20152;FUNDAMENTOS DE PROGRAMACION;39
Eugenio;20152;FUNDAMENTOS DE PROGRAMACION;9
Eulalia;20152;FUNDAMENTOS DE PROGRAMACION;17
Eusebio;20152;FUNDAMENTOS DE PROGRAMACION;44
Eva;20152;FUNDAMENTOS DE PROGRAMACION;48
Evaristo;20152;FUNDAMENTOS DE PROGRAMACION;0
Ezequiel;20152;FUNDAMENTOS DE PROGRAMACION;47
Fabián;20152;FUNDAMENTOS DE PROGRAMACION;49
Fabio;20152;FUNDAMENTOS DE PROGRAMACION;50
Fabiola;20152;FUNDAMENTOS DE PROGRAMACION;34
Facundo;20152;FUNDAMENTOS DE PROGRAMACION;48
Fátima;20152;FUNDAMENTOS DE PROGRAMACION;12
Faustino;20152;FUNDAMENTOS DE PROGRAMACION;35
Fausto;20152;FUNDAMENTOS DE PROGRAMACION;50
Federico;20152;FUNDAMENTOS DE PROGRAMACION;44
Feliciano;20152;FUNDAMENTOS DE PROGRAMACION;48
Felipe;20152;FUNDAMENTOS DE PROGRAMACION;4
Félix;20152;FUNDAMENTOS DE PROGRAMACION;50
Fermín;20152;FUNDAMENTOS DE PROGRAMACION;17
